accuracy,loss,val_accuracy,val_loss,learning_rate
0.22453545033931732,2.0915920734405518,0.2704654932022095,1.5052176713943481,0.0010000000474974513
0.2721954584121704,1.7577955722808838,0.272873193025589,1.5365060567855835,0.0010000000474974513
0.28888505697250366,1.6619749069213867,0.272873193025589,1.5565199851989746,0.0010000000474974513
0.30540260672569275,1.6090874671936035,0.272873193025589,1.5780664682388306,0.0005000000237487257
0.3007570505142212,1.5843610763549805,0.272873193025589,1.5479912757873535,0.0005000000237487257
0.3207157552242279,1.5580918788909912,0.272873193025589,1.5551179647445679,0.0002500000118743628
